<keymap version="1" name="houtn" parent="Default for XWin">
  <action id="Back">
    <keyboard-shortcut first-keystroke="ctrl alt left" />
    <mouse-shortcut keystroke="button4" />
    <keyboard-shortcut first-keystroke="ctrl o" />
  </action>
  <action id="ChangesView.Diff" />
  <action id="ChangesView.GroupBy.Directory" />
  <action id="CheckinProject" />
  <action id="CloseAllEditors">
    <keyboard-shortcut first-keystroke="ctrl alt w" />
  </action>
  <action id="CloseAllEditorsButActive">
    <keyboard-shortcut first-keystroke="ctrl alt less" />
  </action>
  <action id="CloseAllUnmodifiedEditors">
    <keyboard-shortcut first-keystroke="ctrl alt x" />
  </action>
  <action id="CommentByBlockComment">
    <keyboard-shortcut first-keystroke="shift ctrl slash" />
    <keyboard-shortcut first-keystroke="shift ctrl divide" />
    <keyboard-shortcut first-keystroke="shift ctrl alt colon" />
  </action>
  <action id="CommentByLineComment">
    <keyboard-shortcut first-keystroke="ctrl slash" />
    <keyboard-shortcut first-keystroke="ctrl divide" />
    <keyboard-shortcut first-keystroke="shift ctrl colon" />
  </action>
  <action id="CompareTwoFiles" />
  <action id="Console.TableResult.CloneRow" />
  <action id="DatabaseView.CopyAction" />
  <action id="Diff.ShowDiff" />
  <action id="EditorDown">
    <keyboard-shortcut first-keystroke="down" />
    <keyboard-shortcut first-keystroke="ctrl j" />
  </action>
  <action id="EditorDuplicate" />
  <action id="EditorUp">
    <keyboard-shortcut first-keystroke="up" />
    <keyboard-shortcut first-keystroke="ctrl k" />
  </action>
  <action id="EvaluateExpression">
    <keyboard-shortcut first-keystroke="alt f8" />
    <keyboard-shortcut first-keystroke="alt e" />
  </action>
  <action id="FileChooser.GotoDesktop" />
  <action id="FileChooser.TogglePathShowing" />
  <action id="Forward">
    <keyboard-shortcut first-keystroke="ctrl alt right" />
    <mouse-shortcut keystroke="button5" />
    <keyboard-shortcut first-keystroke="ctrl i" />
  </action>
  <action id="Generate.Missing.Members.ES6" />
  <action id="Generate.Missing.Members.TypeScript" />
  <action id="GotoSuperMethod">
    <keyboard-shortcut first-keystroke="ctrl u" />
    <keyboard-shortcut first-keystroke="ctrl #10000f9" second-keystroke="s" />
  </action>
  <action id="GuiDesigner.CreateListener" />
  <action id="ImplementMethods" />
  <action id="InsertLiveTemplate" />
  <action id="Kotlin.RunScratch" />
  <action id="MethodHierarchy.OverrideMethodAction" />
  <action id="OverrideMethods" />
  <action id="ParameterInfo">
    <keyboard-shortcut first-keystroke="ctrl #10000f9" second-keystroke="p" />
  </action>
  <action id="RecentFiles" />
  <action id="RunDashboard.CopyConfiguration" />
  <action id="SearchEverywhere">
    <keyboard-shortcut first-keystroke="ctrl p" />
  </action>
  <action id="SelectIn">
    <keyboard-shortcut first-keystroke="shift alt ampersand" />
    <keyboard-shortcut first-keystroke="ctrl e" />
  </action>
  <action id="SendEOF" />
  <action id="Vcs.ShowMessageHistory">
    <keyboard-shortcut first-keystroke="ctrl m" />
  </action>
  <action id="XPathView.Actions.Evaluate" />
  <action id="XPathView.Actions.FindByExpression" />
  <action id="XPathView.Actions.ShowPath" />
  <action id="openAssertEqualsDiff" />
</keymap>