<application>
  <component name="VimSettings">
    <state version="4" enabled="true" />
    <globalmarks />
    <filemarks>
      <file name="$USER_HOME$/Emasphere/emasphere/server/gateway-service/src/main/java/com/emasphere/gatewayservice/messaging/EventMessageListener.java" timestamp="1543919919378">
        <mark key="[" line="24" column="1" />
        <mark key="]" line="24" column="0" />
        <mark key="^" line="24" column="0" />
        <mark key="." line="24" column="0" />
      </file>
      <file name="/File Header.txt.ft" timestamp="1543918043544">
        <mark key="[" line="0" column="0" />
      </file>
      <file name="$USER_HOME$/Emasphere/emasphere/server/directory/directory-service/src/main/java/com/emasphere/directoryservice/service/BulkInviteServiceImpl.java" timestamp="1544100402192">
        <mark key="'" line="173" column="0" />
        <mark key="[" line="138" column="0" />
        <mark key="l" line="55" column="17" />
        <mark key="]" line="138" column="0" />
        <mark key="." line="115" column="56" />
        <mark key="^" line="144" column="21" />
      </file>
      <file name="$USER_HOME$/Emasphere/emasphere/server/directory/directory-service/src/main/java/com/emasphere/directoryservice/service/BulkInviteTemplateReaderXls.java" timestamp="1544095705409">
        <mark key="'" line="31" column="93" />
        <mark key="[" line="31" column="82" />
        <mark key="]" line="31" column="90" />
        <mark key="." line="31" column="92" />
        <mark key="^" line="31" column="90" />
      </file>
      <file name="$USER_HOME$/Emasphere/emasphere/server/directory/directory-service/src/main/java/com/emasphere/directoryservice/service/BulkInviteTemplateXssWriter.java" timestamp="1544020874351">
        <mark key="'" line="13" column="25" />
        <mark key="[" line="13" column="78" />
        <mark key="]" line="15" column="11" />
        <mark key="." line="15" column="11" />
        <mark key="^" line="15" column="11" />
      </file>
      <file name="/a.dummy" timestamp="1544099815210">
        <mark key="[" line="0" column="0" />
      </file>
      <file name="$USER_HOME$/Emasphere/emasphere/server/directory/directory-service/src/main/java/com/emasphere/directoryservice/service/BulkInviteTemplateFactoryXls.java" timestamp="1544021562066">
        <mark key="[" line="10" column="3" />
        <mark key="]" line="11" column="7" />
        <mark key="^" line="11" column="7" />
        <mark key="." line="11" column="7" />
      </file>
      <file name="$MAVEN_REPOSITORY$/org/springframework/spring-web/4.3.10.RELEASE/spring-web-4.3.10.RELEASE.jar!/org/springframework/http/HttpHeaders.class" timestamp="1544004730098">
        <mark key="'" line="128" column="51" />
      </file>
      <file name="$USER_HOME$/Emasphere/emasphere/server/directory/directory-service/src/main/java/com/emasphere/directoryservice/service/BulkInviteTemplateBuilder.java" timestamp="1544007667928">
        <mark key="[" line="5" column="7" />
        <mark key="]" line="5" column="15" />
        <mark key="." line="5" column="15" />
        <mark key="^" line="5" column="15" />
      </file>
      <file name="$USER_HOME$/Emasphere/emasphere/server/directory/directory-service/src/main/java/com/emasphere/directoryservice/service/InvitationManagerImpl.java" timestamp="1544088715323">
        <mark key="'" line="72" column="117" />
      </file>
      <file name="$USER_HOME$/Emasphere/emasphere/server/export-service/pom.xml" timestamp="1544015683322">
        <mark key="'" line="111" column="59" />
        <mark key="[" line="118" column="0" />
        <mark key="]" line="122" column="21" />
      </file>
      <file name="$USER_HOME$/Emasphere/emasphere/server/directory/directory-service/src/main/java/com/emasphere/directoryservice/service/BulkInviteTemplateReader.java" timestamp="1544092922061">
        <mark key="[" line="9" column="18" />
        <mark key="]" line="9" column="16" />
        <mark key="." line="9" column="16" />
        <mark key="^" line="9" column="16" />
      </file>
      <file name="$USER_HOME$/Emasphere/emasphere/server/operational/operational-injection-service/src/main/java/com/emasphere/operation/injection/controller/FileFormatController.java" timestamp="1544099174517">
        <mark key="'" line="80" column="49" />
        <mark key="[" line="115" column="0" />
        <mark key="]" line="115" column="54" />
      </file>
      <file name="$USER_HOME$/Emasphere/emasphere/server/directory/directory-service/src/main/java/com/emasphere/directoryservice/service/BulkInviteDataFactoryImpl.java" timestamp="1544103932026">
        <mark key="'" line="40" column="55" />
        <mark key="[" line="22" column="65" />
        <mark key="]" line="22" column="74" />
        <mark key="." line="22" column="74" />
        <mark key="^" line="22" column="74" />
      </file>
      <file name="$USER_HOME$/Emasphere/emasphere/server/directory/directory-service/src/main/java/com/emasphere/directoryservice/service/BulkInviteTemplateReaderXl.java" timestamp="1544026865183">
        <mark key="[" line="8" column="43" />
        <mark key="]" line="8" column="43" />
        <mark key="^" line="8" column="43" />
        <mark key="." line="8" column="43" />
      </file>
      <file name="$USER_HOME$/Emasphere/emasphere/server/directory/directory-service/src/main/java/com/emasphere/directoryservice/service/BulkInviteManager.java" timestamp="1544003515564">
        <mark key="[" line="13" column="27" />
        <mark key="]" line="13" column="27" />
        <mark key="." line="13" column="27" />
        <mark key="^" line="11" column="25" />
      </file>
      <file name="$USER_HOME$/Emasphere/emasphere/server/directory/directory-service/src/main/java/com/emasphere/directoryservice/model/BulkInviteStatistics.java" timestamp="1544088205347">
        <mark key="'" line="0" column="0" />
        <mark key="[" line="47" column="52" />
        <mark key="]" line="47" column="55" />
        <mark key="." line="47" column="55" />
        <mark key="^" line="47" column="55" />
      </file>
      <file name="$USER_HOME$/Emasphere/emasphere/server/forecast/forecast-service/src/main/java/com/emasphere/forecastservice/controller/ForecastAdjustmentController.java" timestamp="1544014893196">
        <mark key="'" line="289" column="12" />
      </file>
      <file name="$USER_HOME$/Emasphere/emasphere/server/directory/directory-service/src/test/java/com/emasphere/directoryservice/test/DataBuilder.java" timestamp="1544100538277">
        <mark key="'" line="30" column="31" />
      </file>
      <file name="$USER_HOME$/Emasphere/emasphere/server/directory/directory-service/src/main/java/com/emasphere/directoryservice/service/BulkInviteTemplateFactoryCsv.java" timestamp="1544021569077">
        <mark key="[" line="10" column="3" />
        <mark key="]" line="11" column="7" />
        <mark key="." line="11" column="7" />
        <mark key="^" line="11" column="7" />
      </file>
      <file name="$USER_HOME$/Emasphere/emasphere/server/operational/operational-injection-file-utils/src/main/java/com/emasphere/operation/injection/file/service/format/XlsFileFormatHandler.java" timestamp="1544014827348">
        <mark key="[" line="48" column="45" />
      </file>
      <file name="$APPLICATION_CONFIG_DIR$/idea64.vmoptions" timestamp="1544102564605">
        <mark key="[" line="1" column="4" />
        <mark key="]" line="1" column="5" />
        <mark key="." line="1" column="5" />
      </file>
      <file name="$USER_HOME$/Emasphere/emasphere/server/directory/directory-service/src/main/java/com/emasphere/directoryservice/model/BulkInviteStatisticsResult.java" timestamp="1544004444175">
        <mark key="[" line="8" column="34" />
        <mark key="]" line="8" column="32" />
        <mark key="^" line="8" column="32" />
        <mark key="." line="8" column="32" />
      </file>
      <file name="$USER_HOME$/Emasphere/emasphere/server/directory/directory-service/src/main/java/com/emasphere/directoryservice/service/BulkInviteTemplateFactorySpecific.java" timestamp="1544021378932">
        <mark key="[" line="12" column="0" />
        <mark key="]" line="12" column="63" />
        <mark key="." line="12" column="0" />
      </file>
      <file name="$USER_HOME$/Emasphere/emasphere/server/operational/operational-injection-service-api/src/main/java/com/emasphere/operation/injection/model/flow/definition/FlowDefinition.java" timestamp="1544007384263">
        <mark key="'" line="0" column="0" />
      </file>
      <file name="$USER_HOME$/Emasphere/emasphere/server/directory/directory-service/src/main/java/com/emasphere/directoryservice/service/BulkInviteTemplateWriterFactoryImpl.java" timestamp="1544012070020">
        <mark key="[" line="24" column="48" />
        <mark key="]" line="24" column="56" />
        <mark key="^" line="24" column="56" />
        <mark key="." line="24" column="56" />
      </file>
      <file name="/ActionScript File Header.txt.ft" timestamp="1544009147411">
        <mark key="[" line="0" column="0" />
      </file>
      <file name="$USER_HOME$/Emasphere/emasphere/server/directory/directory-service/src/test/java/com/emasphere/directoryservice/controller/UserSubjectControllerTest.java" timestamp="1544102865489">
        <mark key="'" line="241" column="45" />
        <mark key="[" line="430" column="0" />
        <mark key="]" line="430" column="106" />
        <mark key="." line="430" column="0" />
        <mark key="^" line="437" column="61" />
      </file>
      <file name="/usr/lib/jvm/java-8-openjdk-amd64/jre/lib/rt.jar!/java/io/OutputStreamWriter.class" timestamp="1544014007125">
        <mark key="'" line="13" column="0" />
      </file>
      <file name="$MAVEN_REPOSITORY$/org/springframework/spring-test/4.3.10.RELEASE/spring-test-4.3.10.RELEASE-sources.jar!/org/springframework/test/web/servlet/request/MockMvcRequestBuilders.java" timestamp="1544100735339">
        <mark key="'" line="182" column="48" />
        <mark key="[" line="47" column="22" />
        <mark key="]" line="47" column="43" />
      </file>
      <file name="$USER_HOME$/Emasphere/emasphere/server/directory/directory-service/src/main/java/com/emasphere/directoryservice/service/BulkInviteTemplateXSSWriter.java" timestamp="1544012220272">
        <mark key="'" line="2" column="0" />
        <mark key="[" line="16" column="41" />
        <mark key="]" line="16" column="50" />
        <mark key="." line="16" column="50" />
        <mark key="^" line="16" column="50" />
      </file>
      <file name="$MAVEN_REPOSITORY$/org/apache/httpcomponents/httpcore/4.4.6/httpcore-4.4.6.jar!/org/apache/http/HttpRequest.class" timestamp="1544005975004">
        <mark key="[" line="7" column="50" />
      </file>
      <file name="$MAVEN_REPOSITORY$/commons-collections/commons-collections/3.2.2/commons-collections-3.2.2.jar!/org/apache/commons/collections/map/UnmodifiableMap.class" timestamp="1544026567133">
        <mark key="'" line="22" column="19" />
      </file>
      <file name="$MAVEN_REPOSITORY$/org/springframework/spring-web/4.3.10.RELEASE/spring-web-4.3.10.RELEASE-sources.jar!/org/springframework/http/MediaType.java" timestamp="1544101538908">
        <mark key="[" line="85" column="51" />
      </file>
      <file name="$USER_HOME$/Emasphere/emasphere/server/pom.xml" timestamp="1544085874191">
        <mark key="'" line="0" column="0" />
        <mark key="[" line="322" column="0" />
        <mark key="]" line="322" column="0" />
        <mark key="." line="322" column="0" />
        <mark key="^" line="321" column="29" />
      </file>
      <file name="$USER_HOME$/Emasphere/emasphere/server/directory/directory-service/src/main/java/com/emasphere/directoryservice/dto/DtoFactoryImpl.java" timestamp="1544003257593">
        <mark key="'" line="56" column="8" />
      </file>
      <file name="$USER_HOME$/Emasphere/emasphere/server/directory/directory-service/src/main/java/com/emasphere/directoryservice/service/BulkInviteTemplateReaderCsv.java" timestamp="1544050926385">
        <mark key="[" line="34" column="0" />
        <mark key="]" line="34" column="71" />
        <mark key="^" line="28" column="18" />
        <mark key="." line="28" column="18" />
      </file>
      <file name="$USER_HOME$/Emasphere/emasphere/server/directory/directory-service/src/main/java/com/emasphere/directoryservice/model/Wrapped.java" timestamp="1544083744853">
        <mark key="[" line="16" column="18" />
        <mark key="]" line="16" column="18" />
        <mark key="." line="16" column="18" />
        <mark key="^" line="16" column="24" />
      </file>
      <file name="$MAVEN_REPOSITORY$/org/springframework/spring-core/4.3.10.RELEASE/spring-core-4.3.10.RELEASE.jar!/org/springframework/util/MimeType.class" timestamp="1544027340528">
        <mark key="'" line="25" column="25" />
      </file>
      <file name="$USER_HOME$/Emasphere/emasphere/server/directory/directory-service/src/main/java/com/emasphere/directoryservice/model/BulkInviteRow.java" timestamp="1544085248551">
        <mark key="'" line="0" column="0" />
        <mark key="[" line="8" column="7" />
        <mark key="]" line="8" column="15" />
        <mark key="." line="8" column="15" />
        <mark key="^" line="8" column="15" />
      </file>
      <file name="$USER_HOME$/Emasphere/emasphere/server/directory/directory-service/src/main/java/com/emasphere/directoryservice/service/BulkInviteIoFactoryImpl.java" timestamp="1544096072312">
        <mark key="[" line="20" column="0" />
        <mark key="]" line="20" column="0" />
        <mark key="." line="20" column="0" />
        <mark key="^" line="19" column="11" />
      </file>
      <file name="$MAVEN_REPOSITORY$/org/immutables/value/2.2.10/value-2.2.10.jar!/org/immutables/value/Value.class" timestamp="1544085605254">
        <mark key="'" line="224" column="22" />
      </file>
      <file name="/usr/lib/jvm/java-8-openjdk-amd64/jre/lib/rt.jar!/java/nio/file/Files.class" timestamp="1544013570325">
        <mark key="'" line="297" column="12" />
      </file>
      <file name="$USER_HOME$/Emasphere/emasphere/server/directory/directory-service/src/main/java/com/emasphere/directoryservice/service/BulkInviteListener.java" timestamp="1544093135138">
        <mark key="[" line="5" column="7" />
        <mark key="]" line="5" column="7" />
        <mark key="." line="5" column="7" />
      </file>
      <file name="$USER_HOME$/Emasphere/emasphere/server/api-gateway-service/src/main/java/com/emasphere/apigateway/controller/UserController.java" timestamp="1543935649156">
        <mark key="[" line="47" column="35" />
        <mark key="]" line="47" column="45" />
        <mark key="^" line="47" column="45" />
        <mark key="." line="47" column="45" />
      </file>
      <file name="$USER_HOME$/Emasphere/emasphere/server/directory/directory-service/src/main/java/com/emasphere/directoryservice/service/BulkInviteTemplateWriterFactory.java" timestamp="1544016008243">
        <mark key="[" line="9" column="36" />
        <mark key="]" line="11" column="69" />
        <mark key="." line="11" column="49" />
        <mark key="^" line="11" column="49" />
      </file>
      <file name="$USER_HOME$/Emasphere/emasphere/server/collaboration-service/pom.xml" timestamp="1544015547730">
        <mark key="'" line="176" column="29" />
        <mark key="[" line="174" column="0" />
        <mark key="]" line="178" column="21" />
      </file>
      <file name="$USER_HOME$/Emasphere/emasphere/server/directory/directory-service/src/main/java/com/emasphere/directoryservice/service/BulkInviteService.java" timestamp="1544099400952">
        <mark key="[" line="13" column="45" />
        <mark key="]" line="13" column="45" />
        <mark key="^" line="13" column="7" />
        <mark key="." line="15" column="101" />
      </file>
      <file name="$USER_HOME$/Emasphere/emasphere/server/directory/directory-service/src/main/java/com/emasphere/directoryservice/service/BulkInviteTemplateFactory.java" timestamp="1544021435453">
        <mark key="[" line="13" column="0" />
        <mark key="]" line="13" column="0" />
        <mark key="." line="13" column="0" />
      </file>
      <file name="$USER_HOME$/Emasphere/emasphere/server/directory/directory-service/src/main/java/com/emasphere/directoryservice/service/BulkInviteTemplateWriterCsv.java" timestamp="1544050533450">
        <mark key="[" line="26" column="0" />
        <mark key="]" line="26" column="25" />
        <mark key="^" line="26" column="25" />
        <mark key="." line="26" column="25" />
      </file>
      <file name="$USER_HOME$/Emasphere/emasphere/server/directory/directory-service/src/main/java/com/emasphere/directoryservice/model/FileFormat.java" timestamp="1544098072956">
        <mark key="[" line="5" column="25" />
        <mark key="]" line="7" column="20" />
        <mark key="^" line="7" column="20" />
        <mark key="." line="7" column="20" />
      </file>
      <file name="$USER_HOME$/Emasphere/emasphere/server/directory/directory-service/src/main/java/com/emasphere/directoryservice/service/BulkInviteTemplateFactoryImpl.java" timestamp="1544095996193">
        <mark key="'" line="23" column="67" />
        <mark key="[" line="24" column="73" />
        <mark key="]" line="24" column="108" />
        <mark key="." line="24" column="108" />
        <mark key="^" line="24" column="108" />
      </file>
      <file name="$USER_HOME$/Emasphere/emasphere/server/directory/directory-service/src/main/java/com/emasphere/directoryservice/service/DataReaderXls.java" timestamp="1544095855992">
        <mark key="[" line="20" column="25" />
        <mark key="]" line="20" column="25" />
        <mark key="." line="20" column="25" />
        <mark key="^" line="20" column="44" />
      </file>
      <file name="$USER_HOME$/Emasphere/emasphere/server/api-gateway-service/src/main/java/com/emasphere/apigateway/service/UserManager.java" timestamp="1543934809770">
        <mark key="[" line="6" column="0" />
        <mark key="]" line="6" column="0" />
        <mark key="." line="6" column="0" />
        <mark key="^" line="3" column="25" />
      </file>
      <file name="$USER_HOME$/Emasphere/emasphere/server/directory/directory-service/src/main/java/com/emasphere/directoryservice/service/BulkInviteDataFactory.java" timestamp="1544098828330">
        <mark key="[" line="12" column="58" />
        <mark key="]" line="12" column="58" />
        <mark key="." line="12" column="58" />
      </file>
      <file name="$USER_HOME$/Emasphere/emasphere/server/common/ema-common/src/main/java/com/emasphere/common/security/FailingServiceDiscovery.java" timestamp="1543917571499">
        <mark key="[" line="14" column="0" />
        <mark key="]" line="15" column="77" />
        <mark key="^" line="15" column="77" />
        <mark key="." line="15" column="77" />
      </file>
      <file name="$USER_HOME$/Emasphere/emasphere/server/directory/directory-service/src/main/java/com/emasphere/directoryservice/service/BulkInviteTemplateReaderFactory.java" timestamp="1544015977777">
        <mark key="[" line="10" column="22" />
        <mark key="]" line="10" column="34" />
        <mark key="^" line="10" column="34" />
        <mark key="." line="10" column="34" />
      </file>
      <file name="$USER_HOME$/Emasphere/emasphere/server/directory/directory-service/src/main/java/com/emasphere/directoryservice/service/GroupManager.java" timestamp="1544024894563">
        <mark key="[" line="11" column="31" />
        <mark key="]" line="11" column="3" />
        <mark key="^" line="11" column="3" />
        <mark key="." line="11" column="3" />
      </file>
      <file name="/usr/lib/jvm/java-8-openjdk-amd64/jre/lib/rt.jar!/java/util/stream/Stream.class" timestamp="1544048294437">
        <mark key="'" line="28" column="17" />
      </file>
      <file name="$MAVEN_REPOSITORY$/org/springframework/amqp/spring-amqp/1.7.3.RELEASE/spring-amqp-1.7.3.RELEASE.jar!/org/springframework/amqp/core/Binding.class" timestamp="1543919992392">
        <mark key="'" line="7" column="13" />
      </file>
      <file name="$USER_HOME$/Emasphere/emasphere/server/common/ema-common/src/main/java/com/emasphere/common/utils/StreamUtils.java" timestamp="1544049564804">
        <mark key="[" line="17" column="34" />
        <mark key="]" line="17" column="43" />
        <mark key="." line="17" column="43" />
        <mark key="^" line="17" column="43" />
      </file>
      <file name="/HTML File.txt.ft" timestamp="1544009147268">
        <mark key="[" line="0" column="0" />
      </file>
      <file name="$USER_HOME$/Emasphere/emasphere/server/directory/directory-service/src/main/java/com/emasphere/directoryservice/controller/UserSubjectController.java" timestamp="1544101331199">
        <mark key="'" line="429" column="0" />
        <mark key="[" line="449" column="7" />
        <mark key="m" line="388" column="34" />
        <mark key="]" line="449" column="76" />
        <mark key="." line="449" column="76" />
        <mark key="^" line="449" column="76" />
      </file>
      <file name="$USER_HOME$/Emasphere/emasphere/server/common/ema-common-types/src/main/java/com/emasphere/common/type/localization/LocalizedString.java" timestamp="1544012436973">
        <mark key="'" line="129" column="4" />
      </file>
      <file name="$MAVEN_REPOSITORY$/org/springframework/spring-test/4.3.10.RELEASE/spring-test-4.3.10.RELEASE-sources.jar!/org/springframework/test/web/servlet/request/MockHttpServletRequestBuilder.java" timestamp="1544100714080">
        <mark key="'" line="134" column="53" />
        <mark key="[" line="134" column="52" />
        <mark key="]" line="134" column="51" />
        <mark key="^" line="134" column="51" />
        <mark key="." line="134" column="51" />
      </file>
      <file name="$USER_HOME$/Emasphere/emasphere/server/directory/directory-service/src/main/java/com/emasphere/directoryservice/service/DataWriterXls.java" timestamp="1544095837674">
        <mark key="[" line="30" column="43" />
        <mark key="]" line="30" column="51" />
        <mark key="^" line="30" column="51" />
        <mark key="." line="30" column="51" />
      </file>
      <file name="/Dummy.txt" timestamp="1544099424722">
        <mark key="[" line="0" column="0" />
        <mark key="]" line="0" column="21" />
        <mark key="." line="0" column="21" />
        <mark key="^" line="0" column="21" />
      </file>
      <file name="$USER_HOME$/Emasphere/emasphere/server/directory/directory-service/src/main/java/com/emasphere/directoryservice/model/GroupType.java" timestamp="1544006863397">
        <mark key="'" line="0" column="0" />
      </file>
      <file name="$USER_HOME$/Emasphere/emasphere/server/directory/directory-service/src/main/java/com/emasphere/directoryservice/model/Dto.java" timestamp="1544083827795">
        <mark key="[" line="8" column="0" />
        <mark key="]" line="8" column="0" />
        <mark key="." line="8" column="0" />
        <mark key="^" line="8" column="27" />
      </file>
      <file name="$USER_HOME$/Emasphere/emasphere/server/directory/directory-service/src/main/java/com/emasphere/directoryservice/service/BulkInviteTemplateWriterXls.java" timestamp="1544095194731">
        <mark key="'" line="48" column="8" />
        <mark key="[" line="28" column="43" />
        <mark key="]" line="28" column="80" />
        <mark key="." line="28" column="80" />
        <mark key="^" line="28" column="80" />
      </file>
      <file name="$MAVEN_REPOSITORY$/com/google/guava/guava/18.0/guava-18.0.jar!/com/google/common/net/MediaType.class" timestamp="1544027076096">
        <mark key="'" line="385" column="8" />
        <mark key="[" line="109" column="53" />
        <mark key="]" line="153" column="24" />
        <mark key="^" line="153" column="24" />
        <mark key="." line="153" column="24" />
      </file>
      <file name="$USER_HOME$/Emasphere/emasphere/server/directory/directory-service/src/main/java/com/emasphere/directoryservice/service/BulkInviteTemplateWriterImpl.java" timestamp="1544011224131">
        <mark key="[" line="20" column="0" />
        <mark key="]" line="21" column="13" />
        <mark key="^" line="21" column="13" />
        <mark key="." line="21" column="13" />
      </file>
      <file name="$USER_HOME$/Emasphere/emasphere/server/directory/directory-service/src/main/java/com/emasphere/directoryservice/model/BulkInviteSynchronize.java" timestamp="1544093817483">
        <mark key="[" line="5" column="35" />
        <mark key="]" line="7" column="11" />
        <mark key="." line="7" column="11" />
        <mark key="^" line="7" column="11" />
      </file>
      <file name="$USER_HOME$/Emasphere/emasphere/server/directory/directory-service/src/main/java/com/emasphere/directoryservice/service/UserSubjectManagerImpl.java" timestamp="1544087483284">
        <mark key="'" line="379" column="24" />
        <mark key="[" line="231" column="0" />
        <mark key="]" line="231" column="0" />
        <mark key="." line="231" column="0" />
        <mark key="^" line="228" column="33" />
      </file>
      <file name="$USER_HOME$/Emasphere/emasphere/server/directory/directory-service/src/main/java/com/emasphere/directoryservice/model/Group.java" timestamp="1543931800497">
        <mark key="[" line="163" column="73" />
        <mark key="]" line="163" column="72" />
        <mark key="^" line="163" column="72" />
        <mark key="." line="163" column="72" />
      </file>
      <file name="/fragment.java" timestamp="1544101323069">
        <mark key="[" line="0" column="0" />
      </file>
    </filemarks>
    <jumps>
      <jump line="17" column="13" filename="$MAVEN_REPOSITORY$/com/opencsv/opencsv/4.0/opencsv-4.0.jar!/com/opencsv/CSVWriter.class" />
      <jump line="50" column="21" filename="$MAVEN_REPOSITORY$/com/opencsv/opencsv/4.0/opencsv-4.0.jar!/com/opencsv/CSVWriter.class" />
      <jump line="0" column="0" filename="$MAVEN_REPOSITORY$/com/opencsv/opencsv/4.0/opencsv-4.0.jar!/com/opencsv/CSVWriter.class" />
      <jump line="538" column="33" filename="/usr/lib/jvm/java-8-openjdk-amd64/jre/lib/rt.jar!/java/nio/file/Files.class" />
      <jump line="297" column="12" filename="/usr/lib/jvm/java-8-openjdk-amd64/jre/lib/rt.jar!/java/nio/file/Files.class" />
      <jump line="13" column="0" filename="/usr/lib/jvm/java-8-openjdk-amd64/jre/lib/rt.jar!/java/io/OutputStreamWriter.class" />
      <jump line="139" column="16" filename="$MAVEN_REPOSITORY$/com/opencsv/opencsv/4.0/opencsv-4.0.jar!/com/opencsv/CSVWriter.class" />
      <jump line="108" column="8" filename="$MAVEN_REPOSITORY$/com/opencsv/opencsv/4.0/opencsv-4.0.jar!/com/opencsv/CSVWriter.class" />
      <jump line="11" column="13" filename="$USER_HOME$/Emasphere/emasphere/server/directory/directory-service/src/main/java/com/emasphere/directoryservice/service/BulkInviteTemplateWriter.java" />
      <jump line="0" column="0" filename="$USER_HOME$/Emasphere/emasphere/server/directory/directory-service/src/main/java/com/emasphere/directoryservice/service/BulkInviteTemplateWriter.java" />
      <jump line="13" column="10" filename="$USER_HOME$/Emasphere/emasphere/server/directory/directory-service/src/main/java/com/emasphere/directoryservice/service/BulkInviteTemplateWriter.java" />
      <jump line="356" column="47" filename="$USER_HOME$/Emasphere/emasphere/server/forecast/forecast-service/src/main/java/com/emasphere/forecastservice/controller/ForecastAdjustmentController.java" />
      <jump line="289" column="12" filename="$USER_HOME$/Emasphere/emasphere/server/forecast/forecast-service/src/main/java/com/emasphere/forecastservice/controller/ForecastAdjustmentController.java" />
      <jump line="35" column="58" filename="$USER_HOME$/Emasphere/emasphere/server/collaboration-service/pom.xml" />
      <jump line="0" column="0" filename="$USER_HOME$/Emasphere/emasphere/server/collaboration-service/pom.xml" />
      <jump line="176" column="29" filename="$USER_HOME$/Emasphere/emasphere/server/collaboration-service/pom.xml" />
      <jump line="100" column="30" filename="$USER_HOME$/Emasphere/emasphere/server/directory/directory-service/pom.xml" />
      <jump line="0" column="0" filename="$USER_HOME$/Emasphere/emasphere/server/directory/directory-service/pom.xml" />
      <jump line="68" column="20" filename="$USER_HOME$/Emasphere/emasphere/server/export-service/pom.xml" />
      <jump line="111" column="59" filename="$USER_HOME$/Emasphere/emasphere/server/export-service/pom.xml" />
      <jump line="127" column="24" filename="$USER_HOME$/Emasphere/emasphere/server/pom.xml" />
      <jump line="0" column="0" filename="$USER_HOME$/Emasphere/emasphere/server/pom.xml" />
      <jump line="30" column="41" filename="$USER_HOME$/Emasphere/emasphere/server/directory/directory-service/src/main/java/com/emasphere/directoryservice/service/BulkInviteTemplateFactoryImpl.java" />
      <jump line="37" column="15" filename="$USER_HOME$/Emasphere/emasphere/server/directory/directory-service/src/main/java/com/emasphere/directoryservice/service/BulkInviteTemplateFactoryImpl.java" />
      <jump line="38" column="24" filename="$USER_HOME$/Emasphere/emasphere/server/directory/directory-service/src/main/java/com/emasphere/directoryservice/service/BulkInviteTemplateFactoryImpl.java" />
      <jump line="15" column="25" filename="$USER_HOME$/Emasphere/emasphere/server/directory/directory-service/src/main/java/com/emasphere/directoryservice/service/BulkInviteTemplateXssWriter.java" />
      <jump line="72" column="0" filename="$USER_HOME$/Emasphere/emasphere/server/directory/directory-service/src/main/java/com/emasphere/directoryservice/service/BulkInviteServiceImpl.java" />
      <jump line="25" column="13" filename="$USER_HOME$/Emasphere/emasphere/server/directory/directory-service/src/main/java/com/emasphere/directoryservice/service/BulkInviteTemplateWriterCsv.java" />
      <jump line="81" column="11" filename="$USER_HOME$/Emasphere/emasphere/server/directory/directory-service/src/main/java/com/emasphere/directoryservice/service/BulkInviteServiceImpl.java" />
      <jump line="163" column="58" filename="$USER_HOME$/Emasphere/emasphere/server/directory/directory-service/src/main/java/com/emasphere/directoryservice/service/UserSubjectManagerImpl.java" />
      <jump line="58" column="0" filename="$USER_HOME$/Emasphere/emasphere/server/directory/directory-service/src/main/java/com/emasphere/directoryservice/service/BulkInviteServiceImpl.java" />
      <jump line="26" column="61" filename="$MAVEN_REPOSITORY$/commons-collections/commons-collections/3.2.2/commons-collections-3.2.2.jar!/org/apache/commons/collections/map/UnmodifiableMap.class" />
      <jump line="29" column="12" filename="$MAVEN_REPOSITORY$/commons-collections/commons-collections/3.2.2/commons-collections-3.2.2.jar!/org/apache/commons/collections/map/UnmodifiableMap.class" />
      <jump line="22" column="19" filename="$MAVEN_REPOSITORY$/commons-collections/commons-collections/3.2.2/commons-collections-3.2.2.jar!/org/apache/commons/collections/map/UnmodifiableMap.class" />
      <jump line="59" column="34" filename="$MAVEN_REPOSITORY$/com/google/guava/guava/18.0/guava-18.0.jar!/com/google/common/net/MediaType.class" />
      <jump line="385" column="8" filename="$MAVEN_REPOSITORY$/com/google/guava/guava/18.0/guava-18.0.jar!/com/google/common/net/MediaType.class" />
      <jump line="32" column="40" filename="$MAVEN_REPOSITORY$/org/springframework/spring-core/4.3.10.RELEASE/spring-core-4.3.10.RELEASE.jar!/org/springframework/util/MimeType.class" />
      <jump line="33" column="19" filename="$MAVEN_REPOSITORY$/org/springframework/spring-core/4.3.10.RELEASE/spring-core-4.3.10.RELEASE.jar!/org/springframework/util/MimeType.class" />
      <jump line="36" column="40" filename="$MAVEN_REPOSITORY$/org/springframework/spring-core/4.3.10.RELEASE/spring-core-4.3.10.RELEASE.jar!/org/springframework/util/MimeType.class" />
      <jump line="37" column="19" filename="$MAVEN_REPOSITORY$/org/springframework/spring-core/4.3.10.RELEASE/spring-core-4.3.10.RELEASE.jar!/org/springframework/util/MimeType.class" />
      <jump line="48" column="40" filename="$MAVEN_REPOSITORY$/org/springframework/spring-core/4.3.10.RELEASE/spring-core-4.3.10.RELEASE.jar!/org/springframework/util/MimeType.class" />
      <jump line="50" column="36" filename="$MAVEN_REPOSITORY$/org/springframework/spring-core/4.3.10.RELEASE/spring-core-4.3.10.RELEASE.jar!/org/springframework/util/MimeType.class" />
      <jump line="52" column="24" filename="$MAVEN_REPOSITORY$/org/springframework/spring-core/4.3.10.RELEASE/spring-core-4.3.10.RELEASE.jar!/org/springframework/util/MimeType.class" />
      <jump line="54" column="23" filename="$MAVEN_REPOSITORY$/org/springframework/spring-core/4.3.10.RELEASE/spring-core-4.3.10.RELEASE.jar!/org/springframework/util/MimeType.class" />
      <jump line="130" column="20" filename="$MAVEN_REPOSITORY$/org/springframework/spring-core/4.3.10.RELEASE/spring-core-4.3.10.RELEASE.jar!/org/springframework/util/MimeType.class" />
      <jump line="226" column="105" filename="$MAVEN_REPOSITORY$/org/springframework/spring-core/4.3.10.RELEASE/spring-core-4.3.10.RELEASE.jar!/org/springframework/util/MimeType.class" />
      <jump line="257" column="36" filename="$MAVEN_REPOSITORY$/org/springframework/spring-core/4.3.10.RELEASE/spring-core-4.3.10.RELEASE.jar!/org/springframework/util/MimeType.class" />
      <jump line="271" column="28" filename="$MAVEN_REPOSITORY$/org/springframework/spring-core/4.3.10.RELEASE/spring-core-4.3.10.RELEASE.jar!/org/springframework/util/MimeType.class" />
      <jump line="25" column="25" filename="$MAVEN_REPOSITORY$/org/springframework/spring-core/4.3.10.RELEASE/spring-core-4.3.10.RELEASE.jar!/org/springframework/util/MimeType.class" />
      <jump line="28" column="112" filename="$USER_HOME$/Emasphere/emasphere/server/directory/directory-service/src/main/java/com/emasphere/directoryservice/service/BulkInviteTemplateFactoryImpl.java" />
      <jump line="27" column="67" filename="$USER_HOME$/Emasphere/emasphere/server/directory/directory-service/src/main/java/com/emasphere/directoryservice/service/BulkInviteTemplateFactoryImpl.java" />
      <jump line="19" column="30" filename="$USER_HOME$/Emasphere/emasphere/server/directory/directory-service/src/main/java/com/emasphere/directoryservice/model/BulkInviteStatistics.java" />
      <jump line="0" column="0" filename="$USER_HOME$/Emasphere/emasphere/server/directory/directory-service/src/main/java/com/emasphere/directoryservice/model/BulkInviteStatistics.java" />
      <jump line="5" column="26" filename="$USER_HOME$/Emasphere/emasphere/server/directory/directory-service/src/main/java/com/emasphere/directoryservice/model/BulkInviteRow.java" />
      <jump line="0" column="0" filename="$USER_HOME$/Emasphere/emasphere/server/directory/directory-service/src/main/java/com/emasphere/directoryservice/model/BulkInviteRow.java" />
      <jump line="28" column="17" filename="/usr/lib/jvm/java-8-openjdk-amd64/jre/lib/rt.jar!/java/util/stream/Stream.class" />
      <jump line="15" column="10" filename="$USER_HOME$/Emasphere/emasphere/server/directory/directory-service/src/main/java/com/emasphere/directoryservice/service/BulkInviteTemplateReaderXls.java" />
      <jump line="13" column="31" filename="$USER_HOME$/Emasphere/emasphere/server/directory/directory-service/src/main/java/com/emasphere/directoryservice/service/BulkInviteTemplateWriterXls.java" />
      <jump line="15" column="52" filename="$USER_HOME$/Emasphere/emasphere/server/directory/directory-service/src/main/java/com/emasphere/directoryservice/service/BulkInviteTemplateWriterXls.java" />
      <jump line="16" column="28" filename="$USER_HOME$/Emasphere/emasphere/server/directory/directory-service/src/main/java/com/emasphere/directoryservice/service/BulkInviteTemplateWriterXls.java" />
      <jump line="51" column="8" filename="$USER_HOME$/Emasphere/emasphere/server/directory/directory-service/src/main/java/com/emasphere/directoryservice/service/BulkInviteTemplateWriterXls.java" />
      <jump line="36" column="0" filename="$USER_HOME$/Emasphere/emasphere/server/directory/directory-service/pom.xml" />
      <jump line="224" column="22" filename="$MAVEN_REPOSITORY$/org/immutables/value/2.2.10/value-2.2.10.jar!/org/immutables/value/Value.class" />
      <jump line="25" column="67" filename="$USER_HOME$/Emasphere/emasphere/server/directory/directory-service/src/main/java/com/emasphere/directoryservice/service/BulkInviteServiceImpl.java" />
      <jump line="247" column="4" filename="$USER_HOME$/Emasphere/emasphere/server/directory/directory-service/src/main/java/com/emasphere/directoryservice/service/UserSubjectManagerImpl.java" />
      <jump line="250" column="8" filename="$USER_HOME$/Emasphere/emasphere/server/directory/directory-service/src/main/java/com/emasphere/directoryservice/service/UserSubjectManagerImpl.java" />
      <jump line="373" column="24" filename="$USER_HOME$/Emasphere/emasphere/server/directory/directory-service/src/main/java/com/emasphere/directoryservice/service/UserSubjectManagerImpl.java" />
      <jump line="53" column="18" filename="$USER_HOME$/Emasphere/emasphere/server/directory/directory-service/src/main/java/com/emasphere/directoryservice/service/BulkInviteServiceImpl.java" />
      <jump line="34" column="53" filename="$USER_HOME$/Emasphere/emasphere/server/directory/directory-service/src/main/java/com/emasphere/directoryservice/service/BulkInviteServiceImpl.java" />
      <jump line="72" column="117" filename="$USER_HOME$/Emasphere/emasphere/server/directory/directory-service/src/main/java/com/emasphere/directoryservice/service/InvitationManagerImpl.java" />
      <jump line="135" column="30" filename="$USER_HOME$/Emasphere/emasphere/server/directory/directory-service/src/main/java/com/emasphere/directoryservice/service/BulkInviteServiceImpl.java" />
      <jump line="35" column="45" filename="$USER_HOME$/Emasphere/emasphere/server/directory/directory-service/src/main/java/com/emasphere/directoryservice/service/BulkInviteServiceImpl.java" />
      <jump line="140" column="72" filename="$USER_HOME$/Emasphere/emasphere/server/directory/directory-service/src/main/java/com/emasphere/directoryservice/service/BulkInviteServiceImpl.java" />
      <jump line="86" column="12" filename="$USER_HOME$/Emasphere/emasphere/server/directory/directory-service/src/main/java/com/emasphere/directoryservice/service/BulkInviteServiceImpl.java" />
      <jump line="116" column="0" filename="$USER_HOME$/Emasphere/emasphere/server/directory/directory-service/src/main/java/com/emasphere/directoryservice/service/BulkInviteServiceImpl.java" />
      <jump line="69" column="0" filename="$USER_HOME$/Emasphere/emasphere/server/directory/directory-service/src/main/java/com/emasphere/directoryservice/service/BulkInviteServiceImpl.java" />
      <jump line="145" column="3" filename="$USER_HOME$/Emasphere/emasphere/server/directory/directory-service/src/main/java/com/emasphere/directoryservice/service/BulkInviteServiceImpl.java" />
      <jump line="97" column="0" filename="$USER_HOME$/Emasphere/emasphere/server/directory/directory-service/src/main/java/com/emasphere/directoryservice/service/BulkInviteServiceImpl.java" />
      <jump line="31" column="93" filename="$USER_HOME$/Emasphere/emasphere/server/directory/directory-service/src/main/java/com/emasphere/directoryservice/service/BulkInviteTemplateReaderXls.java" />
      <jump line="113" column="0" filename="$USER_HOME$/Emasphere/emasphere/server/directory/directory-service/src/main/java/com/emasphere/directoryservice/service/BulkInviteServiceImpl.java" />
      <jump line="165" column="0" filename="$USER_HOME$/Emasphere/emasphere/server/directory/directory-service/src/main/java/com/emasphere/directoryservice/service/BulkInviteServiceImpl.java" />
      <jump line="39" column="55" filename="$USER_HOME$/Emasphere/emasphere/server/directory/directory-service/src/main/java/com/emasphere/directoryservice/service/BulkInviteDataFactoryImpl.java" />
      <jump line="429" column="0" filename="$USER_HOME$/Emasphere/emasphere/server/directory/directory-service/src/main/java/com/emasphere/directoryservice/controller/UserSubjectController.java" />
      <jump line="398" column="53" filename="$USER_HOME$/Emasphere/emasphere/server/directory/directory-service/src/test/java/com/emasphere/directoryservice/controller/UserSubjectControllerTest.java" />
      <jump line="246" column="16" filename="$USER_HOME$/Emasphere/emasphere/server/directory/directory-service/src/test/java/com/emasphere/directoryservice/controller/UserSubjectControllerTest.java" />
      <jump line="261" column="16" filename="$USER_HOME$/Emasphere/emasphere/server/directory/directory-service/src/test/java/com/emasphere/directoryservice/controller/UserSubjectControllerTest.java" />
      <jump line="30" column="31" filename="$USER_HOME$/Emasphere/emasphere/server/directory/directory-service/src/test/java/com/emasphere/directoryservice/test/DataBuilder.java" />
      <jump line="134" column="53" filename="$MAVEN_REPOSITORY$/org/springframework/spring-test/4.3.10.RELEASE/spring-test-4.3.10.RELEASE-sources.jar!/org/springframework/test/web/servlet/request/MockHttpServletRequestBuilder.java" />
      <jump line="183" column="19" filename="$MAVEN_REPOSITORY$/org/springframework/spring-test/4.3.10.RELEASE/spring-test-4.3.10.RELEASE-sources.jar!/org/springframework/test/web/servlet/request/MockMvcRequestBuilders.java" />
      <jump line="182" column="48" filename="$MAVEN_REPOSITORY$/org/springframework/spring-test/4.3.10.RELEASE/spring-test-4.3.10.RELEASE-sources.jar!/org/springframework/test/web/servlet/request/MockMvcRequestBuilders.java" />
      <jump line="452" column="33" filename="$USER_HOME$/Emasphere/emasphere/server/directory/directory-service/src/test/java/com/emasphere/directoryservice/controller/UserSubjectControllerTest.java" />
      <jump line="438" column="17" filename="$USER_HOME$/Emasphere/emasphere/server/directory/directory-service/src/test/java/com/emasphere/directoryservice/controller/UserSubjectControllerTest.java" />
      <jump line="312" column="17" filename="$USER_HOME$/Emasphere/emasphere/server/directory/directory-service/src/test/java/com/emasphere/directoryservice/controller/UserSubjectControllerTest.java" />
      <jump line="276" column="37" filename="$USER_HOME$/Emasphere/emasphere/server/directory/directory-service/src/test/java/com/emasphere/directoryservice/controller/UserSubjectControllerTest.java" />
      <jump line="269" column="37" filename="$USER_HOME$/Emasphere/emasphere/server/directory/directory-service/src/test/java/com/emasphere/directoryservice/controller/UserSubjectControllerTest.java" />
      <jump line="255" column="37" filename="$USER_HOME$/Emasphere/emasphere/server/directory/directory-service/src/test/java/com/emasphere/directoryservice/controller/UserSubjectControllerTest.java" />
      <jump line="248" column="37" filename="$USER_HOME$/Emasphere/emasphere/server/directory/directory-service/src/test/java/com/emasphere/directoryservice/controller/UserSubjectControllerTest.java" />
      <jump line="235" column="37" filename="$USER_HOME$/Emasphere/emasphere/server/directory/directory-service/src/test/java/com/emasphere/directoryservice/controller/UserSubjectControllerTest.java" />
      <jump line="294" column="8" filename="$USER_HOME$/Emasphere/emasphere/server/directory/directory-service/src/test/java/com/emasphere/directoryservice/controller/UserSubjectControllerTest.java" />
      <jump line="241" column="45" filename="$USER_HOME$/Emasphere/emasphere/server/directory/directory-service/src/test/java/com/emasphere/directoryservice/controller/UserSubjectControllerTest.java" />
    </jumps>
    <registers>
      <register name="-" type="4">
        <text>type</text>
      </register>
      <register name="/" type="4">
        <text>DELETE</text>
      </register>
      <register name="0" type="2">
        <text encoding="base64">ICAgIEBXaXRoVGVzdFVzZXIodXNlcm5hbWUgPSBVU0VSX0dSQU5OWSwgdGVuYW50RXh0SWQgPSBET01BSU5fQUNNRSwgcGVybWlzc2lvbnMgPSAiQ2FuTWFuYWdlVGVuYW50VXNlcnMiKQo=</text>
      </register>
      <register name="1" type="2">
        <text encoding="base64">ICAgIEBXaXRoVGVzdFVzZXIodXNlcm5hbWUgPSBVU0VSX0dSQU5OWSwgdGVuYW50RXh0SWQgPSBURU5BTlRfTE9PTklFQ09SUCkK</text>
      </register>
      <register name="2" type="2">
        <text encoding="base64">Cg==</text>
      </register>
      <register name="3" type="2">
        <text encoding="base64">Cg==</text>
      </register>
      <register name="4" type="2">
        <text encoding="base64">Cg==</text>
      </register>
      <register name="5" type="2">
        <text encoding="base64">LVhYOlJlc2VydmVkQ29kZUNhY2hlU2l6ZT01MTJtCg==</text>
      </register>
      <register name="6" type="2">
        <text encoding="base64">Cg==</text>
      </register>
      <register name="7" type="2">
        <text encoding="base64">ICAgICAgICAgICAgICAgIC5jb250ZW50VHlwZShNZWRpYVR5cGUuQVBQTElDQVRJT05fSlNPTikK</text>
      </register>
      <register name="8" type="2">
        <text encoding="base64">ICAgICAgICAgICAgICAgIC5hbmRFeHBlY3QoKQo=</text>
      </register>
      <register name="9" type="2">
        <text encoding="base64">ICAgICAgICAiIi50cmltKCk7Cg==</text>
      </register>
      <register name=":" type="4">
        <text>w</text>
      </register>
    </registers>
    <search>
      <last-search>DELETE</last-search>
      <last-offset />
      <last-pattern>DELETE</last-pattern>
      <last-replace>with</last-replace>
      <last-substitute>set</last-substitute>
      <last-dir>1</last-dir>
      <show-last>false</show-last>
    </search>
    <history>
      <history-search>
        <entry encoding="base64">XDxNZWRpYVRcPg==</entry>
        <entry>Media</entry>
        <entry encoding="base64">XDxNZWRpYVR5cGVcPg==</entry>
        <entry encoding="base64">XDxpbXBvcnRcPg==</entry>
        <entry>thr</entry>
        <entry>poi</entry>
        <entry>wri</entry>
        <entry encoding="base64">XDx0ZXh0RmlsdGVyXD4=</entry>
        <entry encoding="base64">XDxVbm1vZGlmaWFibGVNYXBcPg==</entry>
        <entry encoding="base64">XDxDU1ZfVVRGXzhcPg==</entry>
        <entry encoding="base64">XDxzdWJ0eXBlXD4=</entry>
        <entry encoding="base64">XDxvdXRwdXRTdHJlYW1cPg==</entry>
        <entry>Optional</entry>
        <entry>invi</entry>
        <entry encoding="base64">XDxpbnZpdGF0aW9uTGFuZ3VhZ2VcPg==</entry>
        <entry>removeUser</entry>
        <entry encoding="base64">XDxURU5BTlRfTE9PTklFQ09SUFw+</entry>
        <entry encoding="base64">XDxjb250ZW50VHlwZVw+</entry>
        <entry>csv</entry>
        <entry>DELETE</entry>
      </history-search>
      <history-cmd>
        <entry>action po</entry>
        <entry>action Interface</entry>
        <entry>aq!</entry>
        <entry>q!</entry>
        <entry>%s/set/with/gc</entry>
        <entry>action Next Method</entry>
        <entry>action Next-Method</entry>
        <entry>Action &quot;Annotate&quot;</entry>
        <entry>action {Annotate}</entry>
        <entry>action {annotate}</entry>
        <entry>action Annotate</entry>
        <entry>action annotate</entry>
        <entry>action Nex</entry>
        <entry>action Next</entry>
        <entry>action &quot;Next Method&quot;</entry>
        <entry>action Next_Method</entry>
        <entry>action NextMethod</entry>
        <entry>q</entry>
        <entry>x</entry>
        <entry>w</entry>
      </history-cmd>
      <history-expr />
      <history-input />
    </history>
    <shortcut-conflicts>
      <shortcut-conflict owner="vim">
        <text>ctrl pressed D</text>
      </shortcut-conflict>
      <shortcut-conflict owner="vim">
        <text>ctrl pressed U</text>
      </shortcut-conflict>
      <shortcut-conflict owner="ide">
        <text>ctrl pressed P</text>
      </shortcut-conflict>
      <shortcut-conflict owner="vim">
        <text>ctrl pressed N</text>
      </shortcut-conflict>
      <shortcut-conflict owner="vim">
        <text>ctrl pressed M</text>
      </shortcut-conflict>
      <shortcut-conflict owner="ide">
        <text>ctrl pressed E</text>
      </shortcut-conflict>
      <shortcut-conflict owner="vim">
        <text>ctrl pressed Q</text>
      </shortcut-conflict>
      <shortcut-conflict owner="vim">
        <text>ctrl pressed R</text>
      </shortcut-conflict>
      <shortcut-conflict owner="ide">
        <text>ctrl pressed S</text>
      </shortcut-conflict>
      <shortcut-conflict owner="ide">
        <text>ctrl pressed T</text>
      </shortcut-conflict>
      <shortcut-conflict owner="ide">
        <text>ctrl pressed B</text>
      </shortcut-conflict>
      <shortcut-conflict owner="ide">
        <text>ctrl pressed I</text>
      </shortcut-conflict>
      <shortcut-conflict owner="ide">
        <text>ctrl pressed O</text>
      </shortcut-conflict>
      <shortcut-conflict owner="ide">
        <text>ctrl pressed H</text>
      </shortcut-conflict>
      <shortcut-conflict owner="vim">
        <text>ctrl pressed V</text>
      </shortcut-conflict>
      <shortcut-conflict owner="ide">
        <text>ctrl pressed A</text>
      </shortcut-conflict>
      <shortcut-conflict owner="vim">
        <text>ctrl pressed W</text>
      </shortcut-conflict>
      <shortcut-conflict owner="vim">
        <text>ctrl pressed C</text>
      </shortcut-conflict>
      <shortcut-conflict owner="ide">
        <text>ctrl pressed G</text>
      </shortcut-conflict>
    </shortcut-conflicts>
  </component>
</application>